Gender,Volleyball
Male,0
Female,1
Female,1
Female,1
Female,1
Female,1
Female,1
Female,1
Female,1
Female,1
Female,1
Female,1
Female,1
Female,1
Female,1
Female,1
Female,1
Female,1
Female,1
Female,1
Female,1
Female,1
Female,1
Female,1
Female,1
Female,1
Female,1
Female,1
Female,1
Female,1
Female,1
Female,1
Female,1
Female,1
Female,1
Male,0
Male,0
Male,0
Male,0
Male,0
Male,0
Male,0
Male,0
Male,0
Male,0
Male,0
Male,0
Male,0
Male,0
Male,0
Male,0
Male,0
Male,0
Male,0
Male,0
Male,0
Male,0
Male,0
Male,0